,contractSymbol,lastTradeDate,strike,lastPrice,bid,ask,change,percentChange,volume,openInterest,impliedVolatility,inTheMoney,contractSize,currency,Maturity
0,GOOG240628P00125000,2024-05-13 18:08:08+00:00,125.0,0.07,0.0,0.06,0.0,0.0,1.0,1.0,1.09375453125,False,REGULAR,USD,2024-06-28
1,GOOG240628P00130000,2024-06-20 16:39:58+00:00,130.0,0.02,0.0,0.04,0.0,0.0,1.0,4.0,0.945313046875,False,REGULAR,USD,2024-06-28
2,GOOG240628P00135000,2024-06-17 14:06:18+00:00,135.0,0.03,0.0,0.03,0.0,0.0,10.0,17.0,0.8203142968749999,False,REGULAR,USD,2024-06-28
3,GOOG240628P00140000,2024-06-20 18:33:16+00:00,140.0,0.02,0.0,0.02,0.0,0.0,5.0,68.0,0.70312796875,False,REGULAR,USD,2024-06-28
4,GOOG240628P00145000,2024-06-21 17:13:18+00:00,145.0,0.01,0.0,0.03,-0.03,-75.0,30.0,77.0,0.632816171875,False,REGULAR,USD,2024-06-28
5,GOOG240628P00150000,2024-06-21 16:37:33+00:00,150.0,0.02,0.01,0.02,-0.01,-33.333336,2.0,438.0,0.5468795312500001,False,REGULAR,USD,2024-06-28
6,GOOG240628P00155000,2024-06-21 17:54:57+00:00,155.0,0.02,0.01,0.04,-0.01,-33.333336,6.0,677.0,0.5117236328125,False,REGULAR,USD,2024-06-28
7,GOOG240628P00157500,2024-06-18 18:24:13+00:00,157.5,0.02,0.0,0.04,-0.030000001,-60.000004,2.0,21.0,0.46484910156250003,False,REGULAR,USD,2024-06-28
8,GOOG240628P00160000,2024-06-21 19:46:59+00:00,160.0,0.03,0.03,0.05,-0.020000001,-40.000004,235.0,819.0,0.42969320312500003,False,REGULAR,USD,2024-06-28
9,GOOG240628P00162500,2024-06-21 19:26:32+00:00,162.5,0.04,0.02,0.05,-0.050000004,-55.555557,23.0,81.0,0.38086556640624997,False,REGULAR,USD,2024-06-28
10,GOOG240628P00165000,2024-06-21 19:46:28+00:00,165.0,0.04,0.03,0.06,-0.050000004,-55.555557,251.0,1448.0,0.340826904296875,False,REGULAR,USD,2024-06-28
11,GOOG240628P00167500,2024-06-21 19:49:25+00:00,167.5,0.05,0.05,0.08,-0.11,-68.75,550.0,2634.0,0.304694453125,False,REGULAR,USD,2024-06-28
12,GOOG240628P00170000,2024-06-21 19:59:57+00:00,170.0,0.11,0.09,0.12,-0.14999999,-57.692307,1211.0,1545.0,0.273444765625,False,REGULAR,USD,2024-06-28
13,GOOG240628P00172500,2024-06-21 19:57:02+00:00,172.5,0.17,0.18,0.3,-0.33999997,-66.666664,1274.0,1030.0,0.2710033837890625,False,REGULAR,USD,2024-06-28
14,GOOG240628P00175000,2024-06-21 19:59:59+00:00,175.0,0.44,0.37,0.49,-0.59999996,-57.692307,5547.0,2254.0,0.24024197265624997,False,REGULAR,USD,2024-06-28
15,GOOG240628P00177500,2024-06-21 19:59:59+00:00,177.5,0.85,0.75,1.0,-1.12,-56.852795,3922.0,1305.0,0.22925575439453127,False,REGULAR,USD,2024-06-28
16,GOOG240628P00180000,2024-06-21 19:59:59+00:00,180.0,1.77,1.5,1.9,-1.55,-46.68675,7156.0,572.0,0.2199785034179687,False,REGULAR,USD,2024-06-28
17,GOOG240628P00182500,2024-06-21 19:59:32+00:00,182.5,3.3,3.05,3.5,-3.14,-48.757763,1284.0,29.0,0.23731231445312498,True,REGULAR,USD,2024-06-28
18,GOOG240628P00185000,2024-06-21 19:42:36+00:00,185.0,4.05,3.9,5.25,-3.6,-47.058823,142.0,53.0,0.2219316088867187,True,REGULAR,USD,2024-06-28
19,GOOG240628P00187500,2024-06-12 17:53:00+00:00,187.5,5.55,5.1,8.25,-3.5599995,-39.07793,9.0,0.0,0.37256486816406253,True,REGULAR,USD,2024-06-28
20,GOOG240628P00190000,2024-06-21 19:16:04+00:00,190.0,8.45,7.5,10.65,-2.25,-21.028038,16.0,13.0,0.4272518212890626,True,REGULAR,USD,2024-06-28
21,GOOG240628P00195000,2024-06-10 14:27:13+00:00,195.0,19.99,12.5,15.05,0.0,0.0,34.0,2.0,0.41602146484374997,True,REGULAR,USD,2024-06-28
22,GOOG240628P00197500,2024-06-14 19:54:40+00:00,197.5,19.65,15.0,18.05,0.0,0.0,,,0.594730615234375,True,REGULAR,USD,2024-06-28
23,GOOG240628P00215000,2024-05-29 18:32:59+00:00,215.0,37.12,32.5,35.55,0.0,0.0,1.0,0.0,0.9555668505859375,True,REGULAR,USD,2024-06-28
24,GOOG240628P00220000,2024-05-31 16:19:39+00:00,220.0,48.7,37.5,40.55,0.0,0.0,10.0,0.0,1.0468797656250002,True,REGULAR,USD,2024-06-28
25,GOOG240628P00225000,2024-05-23 19:54:42+00:00,225.0,50.07,42.5,45.55,0.0,0.0,,0.0,1.1342816723632816,True,REGULAR,USD,2024-06-28
0,GOOG240705P00120000,2024-05-24 17:59:45+00:00,120.0,0.01,0.0,0.25,0.0,0.0,2.0,0.0,0.9726565234375,False,REGULAR,USD,2024-07-05
1,GOOG240705P00135000,2024-06-21 18:26:56+00:00,135.0,0.01,0.0,0.52,-0.01,-50.0,14.0,2.0,0.805666005859375,False,REGULAR,USD,2024-07-05
2,GOOG240705P00140000,2024-06-05 18:14:59+00:00,140.0,0.06,0.0,0.05,0.0,0.0,1.0,19.0,0.5195360546875,False,REGULAR,USD,2024-07-05
3,GOOG240705P00145000,2024-06-07 17:26:03+00:00,145.0,0.08,0.0,1.84,0.0,0.0,1.0,30.0,0.8237322314453124,False,REGULAR,USD,2024-07-05
4,GOOG240705P00150000,2024-06-21 19:52:44+00:00,150.0,0.03,0.0,0.05,0.0,0.0,14.0,19.0,0.42578699218750005,False,REGULAR,USD,2024-07-05
5,GOOG240705P00155000,2024-06-20 17:16:41+00:00,155.0,0.04,0.02,0.08,-0.010000002,-20.000004,1.0,497.0,0.38281867187499996,False,REGULAR,USD,2024-07-05
6,GOOG240705P00160000,2024-06-21 18:31:37+00:00,160.0,0.05,0.03,0.08,-0.040000003,-44.444447,46.0,544.0,0.31250687499999996,False,REGULAR,USD,2024-07-05
7,GOOG240705P00165000,2024-06-21 18:47:39+00:00,165.0,0.08,0.08,0.71,-0.11,-57.894737,169.0,902.0,0.39014281738281253,False,REGULAR,USD,2024-07-05
8,GOOG240705P00170000,2024-06-21 19:58:51+00:00,170.0,0.24,0.24,0.3,-0.31,-56.363636,241.0,1359.0,0.2280350634765625,False,REGULAR,USD,2024-07-05
9,GOOG240705P00175000,2024-06-21 19:58:37+00:00,175.0,0.83,0.81,0.95,-0.75000006,-47.468357,4334.0,710.0,0.21216608154296873,False,REGULAR,USD,2024-07-05
10,GOOG240705P00180000,2024-06-21 19:57:56+00:00,180.0,2.53,1.88,2.72,-1.5699999,-38.292683,1235.0,73.0,0.21009090698242186,False,REGULAR,USD,2024-07-05
11,GOOG240705P00185000,2024-06-21 19:41:49+00:00,185.0,5.0,5.05,5.9,-2.75,-35.48387,40.0,42.0,0.21411918701171873,True,REGULAR,USD,2024-07-05
12,GOOG240705P00190000,2024-06-21 19:43:59+00:00,190.0,8.8,7.6,10.1,-3.2399998,-26.910295,5.0,1.0,0.21778125976562498,True,REGULAR,USD,2024-07-05
13,GOOG240705P00195000,2024-06-13 14:48:01+00:00,195.0,16.89,12.5,15.55,0.0,0.0,1.0,1.0,0.36426416992187505,True,REGULAR,USD,2024-07-05
14,GOOG240705P00200000,2024-06-12 14:04:14+00:00,200.0,20.11,17.5,20.55,0.0,0.0,,0.0,0.442388388671875,True,REGULAR,USD,2024-07-05
15,GOOG240705P00205000,2024-06-06 14:03:03+00:00,205.0,27.0,22.5,25.55,0.0,0.0,2.0,0.0,0.5153857055664062,True,REGULAR,USD,2024-07-05
0,GOOG240712P00130000,2024-06-07 19:52:25+00:00,130.0,0.05,0.0,0.04,0.0,0.0,1.0,1.0,0.51562984375,False,REGULAR,USD,2024-07-12
1,GOOG240712P00135000,2024-06-07 17:31:08+00:00,135.0,0.06,0.0,0.05,0.0,0.0,1.0,1.0,0.5136767382812499,False,REGULAR,USD,2024-07-12
2,GOOG240712P00140000,2024-06-18 14:27:43+00:00,140.0,0.05,0.01,0.06,0.0,0.0,1.0,3.0,0.46484910156250003,False,REGULAR,USD,2024-07-12
3,GOOG240712P00145000,2024-06-20 17:18:18+00:00,145.0,0.05,0.02,0.06,0.0,0.0,2.0,37.0,0.40820904296875,False,REGULAR,USD,2024-07-12
4,GOOG240712P00150000,2024-06-21 18:56:45+00:00,150.0,0.06,0.03,0.09,-0.02,-25.0,1.0,23.0,0.372076591796875,False,REGULAR,USD,2024-07-12
5,GOOG240712P00155000,2024-06-21 14:09:15+00:00,155.0,0.09,0.05,0.08,-0.019999996,-18.181814,1.0,297.0,0.3086006640625,False,REGULAR,USD,2024-07-12
6,GOOG240712P00160000,2024-06-21 19:41:25+00:00,160.0,0.12,0.1,0.14,-0.16,-57.142853,23.0,328.0,0.27637442382812494,False,REGULAR,USD,2024-07-12
7,GOOG240712P00165000,2024-06-21 17:59:42+00:00,165.0,0.24,0.25,0.4,-0.17999999,-42.857143,66.0,559.0,0.2700268310546875,False,REGULAR,USD,2024-07-12
8,GOOG240712P00170000,2024-06-21 19:49:18+00:00,170.0,0.51,0.5,1.6,-0.46000004,-47.422684,269.0,757.0,0.3178779150390625,False,REGULAR,USD,2024-07-12
9,GOOG240712P00175000,2024-06-21 19:59:59+00:00,175.0,1.45,1.32,1.5,-1.0,-40.816326,310.0,430.0,0.2124102197265625,False,REGULAR,USD,2024-07-12
10,GOOG240712P00180000,2024-06-21 19:50:00+00:00,180.0,2.93,3.0,5.2,-1.8799999,-39.085236,460.0,91.0,0.31690136230468746,False,REGULAR,USD,2024-07-12
11,GOOG240712P00185000,2024-06-21 19:43:36+00:00,185.0,5.29,5.9,7.2,-2.9499998,-35.80097,16.0,27.0,0.2600171655273438,True,REGULAR,USD,2024-07-12
12,GOOG240712P00190000,2024-06-12 16:43:43+00:00,190.0,8.93,9.8,10.35,-3.25,-26.683086,6.0,8.0,0.2048419360351562,True,REGULAR,USD,2024-07-12
13,GOOG240712P00195000,2024-06-17 14:12:54+00:00,195.0,17.89,12.5,15.6,0.0,0.0,6.0,6.0,0.2990792749023437,True,REGULAR,USD,2024-07-12
0,GOOG240719P00070000,2024-06-10 13:30:04+00:00,70.0,0.01,0.0,1.65,0.0,0.0,19.0,74.0,1.93359408203125,False,REGULAR,USD,2024-07-19
1,GOOG240719P00075000,2024-06-10 17:36:51+00:00,75.0,0.01,0.0,1.84,0.0,0.0,10.0,26.0,1.8422859448242184,False,REGULAR,USD,2024-07-19
2,GOOG240719P00080000,2024-06-11 14:12:01+00:00,80.0,0.01,0.0,0.51,0.0,0.0,20.0,141.0,1.3925811621093749,False,REGULAR,USD,2024-07-19
3,GOOG240719P00085000,2024-05-29 13:39:57+00:00,85.0,0.01,0.0,0.04,0.0,0.0,30.0,64.0,0.9687503125,False,REGULAR,USD,2024-07-19
4,GOOG240719P00090000,2024-05-20 18:31:46+00:00,90.0,0.02,0.0,0.09,0.0,0.0,2.0,167.0,0.9726565234375,False,REGULAR,USD,2024-07-19
5,GOOG240719P00095000,2024-06-10 13:53:30+00:00,95.0,0.01,0.0,1.65,0.0,0.0,3.0,44.0,1.365237548828125,False,REGULAR,USD,2024-07-19
6,GOOG240719P00100000,2024-06-18 19:32:03+00:00,100.0,0.02,0.01,0.4,0.0,0.0,5.0,358.0,1.0078174609375,False,REGULAR,USD,2024-07-19
7,GOOG240719P00105000,2024-06-17 13:45:03+00:00,105.0,0.01,0.01,0.05,0.0,0.0,3.0,670.0,0.7382838671874999,False,REGULAR,USD,2024-07-19
8,GOOG240719P00110000,2024-06-21 18:57:28+00:00,110.0,0.01,0.0,0.52,-0.02,-66.66667,3.0,561.0,0.8906260937499999,False,REGULAR,USD,2024-07-19
9,GOOG240719P00115000,2024-06-21 18:58:26+00:00,115.0,0.01,0.0,2.05,-0.04,-79.99999,2.0,875.0,1.0537156689453124,False,REGULAR,USD,2024-07-19
10,GOOG240719P00120000,2024-06-21 18:57:45+00:00,120.0,0.03,0.01,0.03,0.02,200.0,1.0,2377.0,0.5468795312500001,False,REGULAR,USD,2024-07-19
11,GOOG240719P00125000,2024-06-18 13:57:41+00:00,125.0,0.04,0.0,0.03,0.0,0.0,100.0,2499.0,0.51562984375,False,REGULAR,USD,2024-07-19
12,GOOG240719P00130000,2024-06-18 18:16:40+00:00,130.0,0.03,0.02,0.09,0.0,0.0,4.0,2873.0,0.500005,False,REGULAR,USD,2024-07-19
13,GOOG240719P00135000,2024-06-21 18:06:58+00:00,135.0,0.03,0.0,0.07,-0.03,-50.0,21.0,4621.0,0.46094289062500005,False,REGULAR,USD,2024-07-19
14,GOOG240719P00140000,2024-06-21 17:16:31+00:00,140.0,0.06,0.0,0.5,0.0,0.0,29.0,3182.0,0.5629926513671876,False,REGULAR,USD,2024-07-19
15,GOOG240719P00145000,2024-06-21 18:58:55+00:00,145.0,0.06,0.01,0.08,-0.030000005,-33.333336,28.0,4122.0,0.36524072265625,False,REGULAR,USD,2024-07-19
16,GOOG240719P00150000,2024-06-21 19:33:08+00:00,150.0,0.08,0.08,0.13,-0.049999997,-38.461536,180.0,4150.0,0.33887379882812496,False,REGULAR,USD,2024-07-19
17,GOOG240719P00155000,2024-06-21 19:52:03+00:00,155.0,0.13,0.11,0.17,-0.060000002,-31.578949,1116.0,6617.0,0.299811689453125,False,REGULAR,USD,2024-07-19
18,GOOG240719P00160000,2024-06-21 19:36:41+00:00,160.0,0.2,0.2,0.26,-0.14,-41.17647,1234.0,8324.0,0.26709717285156254,False,REGULAR,USD,2024-07-19
19,GOOG240719P00165000,2024-06-21 19:50:00+00:00,165.0,0.39,0.42,0.47,-0.31,-44.285713,338.0,5145.0,0.24195093994140626,False,REGULAR,USD,2024-07-19
20,GOOG240719P00170000,2024-06-21 19:57:07+00:00,170.0,0.9,0.87,1.1,-0.5,-35.714287,761.0,6977.0,0.23584748535156247,False,REGULAR,USD,2024-07-19
21,GOOG240719P00175000,2024-06-21 19:59:40+00:00,175.0,1.91,1.65,2.44,-0.83000004,-30.291971,1523.0,12607.0,0.2387771435546875,False,REGULAR,USD,2024-07-19
22,GOOG240719P00180000,2024-06-21 19:58:23+00:00,180.0,3.6,3.6,3.8,-1.4500003,-28.712875,630.0,10939.0,0.2010577941894531,False,REGULAR,USD,2024-07-19
23,GOOG240719P00185000,2024-06-21 19:54:40+00:00,185.0,6.0,6.25,8.45,-2.3500004,-28.143715,242.0,153.0,0.2915109912109374,True,REGULAR,USD,2024-07-19
24,GOOG240719P00190000,2024-06-21 19:32:16+00:00,190.0,10.0,9.9,11.2,-2.9099998,-22.540665,25.0,159.0,0.2417068017578125,True,REGULAR,USD,2024-07-19
25,GOOG240719P00195000,2024-06-21 18:23:56+00:00,195.0,13.6,12.5,15.7,-2.3499994,-14.73354,20.0,4.0,0.2664868273925781,True,REGULAR,USD,2024-07-19
26,GOOG240719P00200000,2024-06-21 16:36:33+00:00,200.0,17.5,17.5,20.55,-4.1000004,-18.981483,21.0,0.0,0.30713583496093744,True,REGULAR,USD,2024-07-19
27,GOOG240719P00205000,2024-06-14 13:30:02+00:00,205.0,27.15,22.5,25.55,0.0,0.0,1.0,0.0,0.35767243896484374,True,REGULAR,USD,2024-07-19
28,GOOG240719P00210000,2024-04-11 14:44:11+00:00,210.0,51.17,37.7,42.0,0.0,0.0,1.0,0.0,1.0367479803466801,True,REGULAR,USD,2024-07-19
29,GOOG240719P00230000,2024-04-11 14:44:11+00:00,230.0,71.08,57.7,62.0,0.0,0.0,,0.0,1.2840611968994138,True,REGULAR,USD,2024-07-19
30,GOOG240719P00260000,2024-05-07 14:11:23+00:00,260.0,88.34,81.75,82.45,0.0,0.0,,0.0,0.9948730981445313,True,REGULAR,USD,2024-07-19
0,GOOG240726P00090000,2024-06-14 17:15:34+00:00,90.0,0.17,0.0,1.85,0.0,0.0,2.0,5.0,1.3354525415039058,False,REGULAR,USD,2024-07-26
1,GOOG240726P00130000,2024-06-20 17:19:02+00:00,130.0,0.08,0.01,0.37,0.0,0.0,3.0,6.0,0.526371923828125,False,REGULAR,USD,2024-07-26
2,GOOG240726P00140000,2024-06-20 13:30:08+00:00,140.0,0.23,0.07,0.23,0.0,0.0,1.0,12.0,0.43457596679687505,False,REGULAR,USD,2024-07-26
3,GOOG240726P00145000,2024-06-17 13:50:27+00:00,145.0,0.53,0.13,0.28,0.0,0.0,15.0,61.0,0.39649041015625003,False,REGULAR,USD,2024-07-26
4,GOOG240726P00150000,2024-06-20 14:47:14+00:00,150.0,0.44,0.26,0.36,0.0,0.0,5.0,274.0,0.36133451171875,False,REGULAR,USD,2024-07-26
5,GOOG240726P00155000,2024-06-21 18:08:20+00:00,155.0,0.47,0.47,0.7,-0.16,-25.396824,43.0,84.0,0.358404853515625,False,REGULAR,USD,2024-07-26
6,GOOG240726P00160000,2024-06-21 19:32:38+00:00,160.0,0.7,0.67,0.87,-0.38000005,-35.18519,92.0,124.0,0.3178779150390625,False,REGULAR,USD,2024-07-26
7,GOOG240726P00165000,2024-06-21 19:46:28+00:00,165.0,1.25,1.26,1.5,-0.55999994,-30.939224,67.0,231.0,0.3073799731445312,False,REGULAR,USD,2024-07-26
8,GOOG240726P00170000,2024-06-21 19:46:52+00:00,170.0,2.16,2.08,2.49,-0.8599999,-28.476816,81.0,211.0,0.297736514892578,False,REGULAR,USD,2024-07-26
9,GOOG240726P00175000,2024-06-21 19:46:52+00:00,175.0,3.38,3.55,3.75,-1.2199998,-26.521736,94.0,118.0,0.278327529296875,False,REGULAR,USD,2024-07-26
10,GOOG240726P00180000,2024-06-21 19:53:55+00:00,180.0,5.36,5.2,6.4,-1.8899999,-26.068964,62.0,65.0,0.2978585839843749,False,REGULAR,USD,2024-07-26
11,GOOG240726P00190000,2024-06-18 14:44:48+00:00,190.0,14.03,10.45,12.5,0.0,0.0,5.0,7.0,0.2887034020996093,True,REGULAR,USD,2024-07-26
12,GOOG240726P00195000,2024-06-21 16:41:30+00:00,195.0,14.1,13.8,16.5,-3.8599987,-21.492199,1.0,1.0,0.29383030395507803,True,REGULAR,USD,2024-07-26
13,GOOG240726P00200000,2024-06-17 13:44:08+00:00,200.0,23.0,17.5,20.85,0.0,0.0,1.0,5.0,0.2999337585449219,True,REGULAR,USD,2024-07-26
0,GOOG240802P00130000,2024-06-13 18:48:36+00:00,130.0,0.11,0.0,2.22,0.0,0.0,1.0,1.0,0.6701693139648439,False,REGULAR,USD,2024-08-02
1,GOOG240802P00155000,2024-06-21 18:26:54+00:00,155.0,0.58,0.58,0.82,-0.24000001,-29.268295,29.0,37.0,0.3398503515625,False,REGULAR,USD,2024-08-02
2,GOOG240802P00160000,2024-06-21 19:46:59+00:00,160.0,0.95,0.94,1.11,-0.31,-24.603174,28.0,81.0,0.3107979077148437,False,REGULAR,USD,2024-08-02
3,GOOG240802P00165000,2024-06-21 17:23:35+00:00,165.0,1.52,1.49,1.83,-0.68000007,-30.909094,11.0,976.0,0.30152065673828127,False,REGULAR,USD,2024-08-02
4,GOOG240802P00170000,2024-06-21 19:51:28+00:00,170.0,2.43,2.36,2.75,-1.1199999,-31.549294,72.0,29.0,0.2846751220703124,False,REGULAR,USD,2024-08-02
5,GOOG240802P00180000,2024-06-21 16:32:07+00:00,180.0,5.5,5.8,7.4,-3.1999998,-36.78161,3.0,14.0,0.3128120477294921,False,REGULAR,USD,2024-08-02
6,GOOG240802P00185000,2024-06-17 19:41:09+00:00,185.0,9.86,6.8,10.4,0.0,0.0,2.0,50.0,0.3197089514160155,True,REGULAR,USD,2024-08-02
0,GOOG240816P00090000,2024-06-21 14:52:11+00:00,90.0,0.01,0.0,0.07,-0.02,-66.66667,1.0,25.0,0.6640658593750002,False,REGULAR,USD,2024-08-16
1,GOOG240816P00100000,2024-06-14 19:56:35+00:00,100.0,0.04,0.0,0.08,0.0,0.0,1.0,23.0,0.57812921875,False,REGULAR,USD,2024-08-16
2,GOOG240816P00105000,2024-05-28 13:30:01+00:00,105.0,0.1,0.01,0.09,0.0,0.0,3.0,3.0,0.5468795312500001,False,REGULAR,USD,2024-08-16
3,GOOG240816P00110000,2024-06-21 18:59:28+00:00,110.0,0.04,0.03,0.1,-0.030000001,-42.857143,3.0,8.0,0.51758294921875,False,REGULAR,USD,2024-08-16
4,GOOG240816P00115000,2024-06-18 17:50:29+00:00,115.0,0.08,0.03,0.12,0.0,0.0,1.0,21.0,0.5136767382812499,False,REGULAR,USD,2024-08-16
5,GOOG240816P00120000,2024-06-13 13:32:12+00:00,120.0,0.12,0.05,0.13,0.0,0.0,8.0,37.0,0.47559118164062497,False,REGULAR,USD,2024-08-16
6,GOOG240816P00125000,2024-06-17 17:57:27+00:00,125.0,0.11,0.07,0.16,0.0,0.0,1.0,65.0,0.445318046875,False,REGULAR,USD,2024-08-16
7,GOOG240816P00130000,2024-06-21 14:36:36+00:00,130.0,0.15,0.1,0.19,0.0,0.0,12.0,89.0,0.414068359375,False,REGULAR,USD,2024-08-16
8,GOOG240816P00135000,2024-06-21 16:27:48+00:00,135.0,0.18,0.15,0.24,-0.059999987,-24.999996,16.0,103.0,0.38623660644531244,False,REGULAR,USD,2024-08-16
9,GOOG240816P00140000,2024-06-21 19:54:28+00:00,140.0,0.25,0.22,0.3,-0.09,-26.470589,16.0,225.0,0.3579165771484375,False,REGULAR,USD,2024-08-16
10,GOOG240816P00145000,2024-06-21 19:25:09+00:00,145.0,0.35,0.33,0.42,-0.14000002,-28.57143,9.0,263.0,0.336920693359375,False,REGULAR,USD,2024-08-16
11,GOOG240816P00150000,2024-06-21 19:50:01+00:00,150.0,0.53,0.54,0.67,-0.19000006,-26.388895,108.0,361.0,0.3249579223632812,False,REGULAR,USD,2024-08-16
12,GOOG240816P00155000,2024-06-21 19:54:28+00:00,155.0,0.83,0.84,0.9,-0.36000007,-30.252106,16.0,513.0,0.3007882421875,False,REGULAR,USD,2024-08-16
13,GOOG240816P00160000,2024-06-21 19:42:05+00:00,160.0,1.32,1.32,1.47,-0.52,-28.260868,166.0,884.0,0.2933420275878905,False,REGULAR,USD,2024-08-16
14,GOOG240816P00165000,2024-06-21 19:36:48+00:00,165.0,1.94,2.07,2.17,-0.8799999,-31.20567,224.0,974.0,0.27857166748046874,False,REGULAR,USD,2024-08-16
15,GOOG240816P00170000,2024-06-21 19:51:28+00:00,170.0,3.15,3.1,3.4,-1.0499997,-24.999994,153.0,2859.0,0.27417718017578124,False,REGULAR,USD,2024-08-16
16,GOOG240816P00175000,2024-06-21 19:50:04+00:00,175.0,4.56,4.7,5.1,-1.44,-24.0,432.0,3135.0,0.270515107421875,False,REGULAR,USD,2024-08-16
17,GOOG240816P00180000,2024-06-21 19:55:26+00:00,180.0,6.9,6.8,9.05,-1.3499999,-16.363636,358.0,2162.0,0.3293524096679687,False,REGULAR,USD,2024-08-16
18,GOOG240816P00185000,2024-06-21 19:44:18+00:00,185.0,9.0,7.4,11.3,-2.3199997,-20.494698,148.0,163.0,0.30878376770019533,True,REGULAR,USD,2024-08-16
19,GOOG240816P00190000,2024-06-21 19:50:09+00:00,190.0,12.2,10.6,13.05,-2.1500006,-14.982583,18.0,310.0,0.24964129272460936,True,REGULAR,USD,2024-08-16
20,GOOG240816P00195000,2024-06-21 16:29:16+00:00,195.0,15.0,15.95,16.75,-5.0,-25.0,16.0,30.0,0.2434768035888672,True,REGULAR,USD,2024-08-16
21,GOOG240816P00200000,2024-06-21 14:09:50+00:00,200.0,20.73,19.85,21.25,-0.62000084,-2.9039853,1.0,13.0,0.2602613037109375,True,REGULAR,USD,2024-08-16
0,GOOG240920P00045000,2024-06-20 14:57:35+00:00,45.0,0.03,0.0,0.01,0.0,0.0,23.0,1678.0,0.8437515624999999,False,REGULAR,USD,2024-09-20
1,GOOG240920P00050000,2024-05-15 16:55:18+00:00,50.0,0.01,0.0,0.1,0.0,0.0,20.0,2213.0,0.9648441015625,False,REGULAR,USD,2024-09-20
2,GOOG240920P00055000,2024-05-29 14:36:37+00:00,55.0,0.01,0.0,2.09,0.0,0.0,40.0,1411.0,1.3657258276367186,False,REGULAR,USD,2024-09-20
3,GOOG240920P00060000,2024-06-18 18:42:03+00:00,60.0,0.04,0.01,0.08,0.0,0.0,1.0,1293.0,0.8203142968749999,False,REGULAR,USD,2024-09-20
4,GOOG240920P00065000,2024-06-21 14:27:33+00:00,65.0,0.03,0.02,0.07,0.0,0.0,1.0,3853.0,0.7656273437500001,False,REGULAR,USD,2024-09-20
5,GOOG240920P00070000,2024-05-31 17:17:27+00:00,70.0,0.02,0.02,0.07,0.0,0.0,4.0,3521.0,0.710940390625,False,REGULAR,USD,2024-09-20
6,GOOG240920P00075000,2024-06-18 15:16:15+00:00,75.0,0.03,0.0,0.08,0.0,0.0,100.0,2068.0,0.6562534375000001,False,REGULAR,USD,2024-09-20
7,GOOG240920P00080000,2024-06-18 16:05:14+00:00,80.0,0.03,0.0,0.08,0.0,0.0,35.0,1455.0,0.6093789062500001,False,REGULAR,USD,2024-09-20
8,GOOG240920P00085000,2024-06-18 15:17:03+00:00,85.0,0.03,0.0,0.09,0.0,0.0,10.0,747.0,0.5742230078125,False,REGULAR,USD,2024-09-20
9,GOOG240920P00090000,2024-06-21 14:19:51+00:00,90.0,0.06,0.04,0.1,-0.02,-25.0,1.0,1401.0,0.5585981640625001,False,REGULAR,USD,2024-09-20
10,GOOG240920P00095000,2024-06-13 18:13:11+00:00,95.0,0.04,0.01,0.12,0.0,0.0,7.0,1348.0,0.5136767382812499,False,REGULAR,USD,2024-09-20
11,GOOG240920P00100000,2024-06-21 18:04:37+00:00,100.0,0.06,0.05,0.13,-0.030000005,-33.333336,6.0,2419.0,0.5185595019531251,False,REGULAR,USD,2024-09-20
12,GOOG240920P00105000,2024-06-05 16:05:54+00:00,105.0,0.15,0.06,0.15,0.0,0.0,10.0,4353.0,0.48828636718750007,False,REGULAR,USD,2024-09-20
13,GOOG240920P00110000,2024-06-21 19:30:12+00:00,110.0,0.1,0.08,0.17,-0.029999994,-23.07692,100.0,2026.0,0.4585015087890626,False,REGULAR,USD,2024-09-20
14,GOOG240920P00115000,2024-06-21 17:53:05+00:00,115.0,0.11,0.1,0.2,-0.049999997,-31.25,4.0,1573.0,0.43164630859375,False,REGULAR,USD,2024-09-20
15,GOOG240920P00120000,2024-06-21 18:03:04+00:00,120.0,0.16,0.13,0.23,-0.030000001,-15.7894745,190.0,6530.0,0.40381455566406255,False,REGULAR,USD,2024-09-20
16,GOOG240920P00125000,2024-06-21 18:37:58+00:00,125.0,0.21,0.19,0.28,-0.08,-27.586206,5.0,4397.0,0.379889013671875,False,REGULAR,USD,2024-09-20
17,GOOG240920P00130000,2024-06-21 16:01:06+00:00,130.0,0.26,0.24,0.34,-0.07000002,-21.212128,46.0,6068.0,0.35596347167968745,False,REGULAR,USD,2024-09-20
18,GOOG240920P00135000,2024-06-21 15:15:00+00:00,135.0,0.33,0.34,0.44,-0.14999998,-31.249996,32.0,4549.0,0.3364324169921875,False,REGULAR,USD,2024-09-20
19,GOOG240920P00140000,2024-06-21 17:53:08+00:00,140.0,0.48,0.45,0.55,-0.14000002,-22.580647,15.0,6432.0,0.31445998046874996,False,REGULAR,USD,2024-09-20
20,GOOG240920P00145000,2024-06-21 18:49:08+00:00,145.0,0.67,0.67,0.74,-0.19999999,-22.988504,11.0,5739.0,0.2973703076171874,False,REGULAR,USD,2024-09-20
21,GOOG240920P00150000,2024-06-21 19:52:48+00:00,150.0,0.95,0.96,1.04,-0.32,-25.19685,44.0,3834.0,0.2834544311523437,False,REGULAR,USD,2024-09-20
22,GOOG240920P00155000,2024-06-21 18:26:20+00:00,155.0,1.35,1.4,1.59,-0.5,-27.027025,8.0,2656.0,0.27747304565429687,False,REGULAR,USD,2024-09-20
23,GOOG240920P00160000,2024-06-21 19:42:05+00:00,160.0,1.96,2.02,2.25,-0.65999985,-25.190836,87.0,5514.0,0.2664868273925781,False,REGULAR,USD,2024-09-20
24,GOOG240920P00165000,2024-06-21 18:44:50+00:00,165.0,2.89,2.97,3.2,-0.8599999,-22.93333,234.0,3040.0,0.2578809564208985,False,REGULAR,USD,2024-09-20
25,GOOG240920P00170000,2024-06-21 19:49:16+00:00,170.0,4.33,4.2,6.45,-0.8699999,-16.730768,202.0,4915.0,0.31214066772460936,False,REGULAR,USD,2024-09-20
26,GOOG240920P00175000,2024-06-21 19:50:51+00:00,175.0,5.82,5.9,6.4,-1.3799996,-19.166662,191.0,3212.0,0.24976336181640624,False,REGULAR,USD,2024-09-20
27,GOOG240920P00180000,2024-06-21 19:47:08+00:00,180.0,7.75,8.0,8.4,-1.8500004,-19.270836,126.0,1978.0,0.23920438537597655,False,REGULAR,USD,2024-09-20
28,GOOG240920P00185000,2024-06-21 19:16:05+00:00,185.0,10.1,10.55,12.45,-2.5,-19.841269,80.0,368.0,0.2739330419921875,True,REGULAR,USD,2024-09-20
29,GOOG240920P00190000,2024-06-21 19:47:08+00:00,190.0,13.14,11.7,15.65,-2.5599995,-16.305729,4.0,55.0,0.2740551110839844,True,REGULAR,USD,2024-09-20
30,GOOG240920P00195000,2024-05-22 16:33:21+00:00,195.0,20.15,15.15,18.8,0.0,0.0,5.0,20.0,0.26142096008300786,True,REGULAR,USD,2024-09-20
31,GOOG240920P00200000,2024-06-12 13:40:57+00:00,200.0,20.47,20.5,21.6,0.0,0.0,10.0,12.0,0.21875781249999998,True,REGULAR,USD,2024-09-20
32,GOOG240920P00205000,2024-05-07 13:36:29+00:00,205.0,33.0,0.0,0.0,0.0,0.0,7.0,7.0,1.0000000000000003e-05,True,REGULAR,USD,2024-09-20
33,GOOG240920P00210000,2024-06-13 14:20:15+00:00,210.0,31.78,27.5,30.75,0.0,0.0,1.0,0.0,0.23511507080078126,True,REGULAR,USD,2024-09-20
34,GOOG240920P00215000,2024-02-14 20:57:29+00:00,215.0,67.8,71.05,74.9,0.0,0.0,1.0,0.0,1.4066802127075198,True,REGULAR,USD,2024-09-20
35,GOOG240920P00220000,2024-04-30 13:33:13+00:00,220.0,51.9,45.0,45.9,0.0,0.0,1.0,0.0,0.5095874237060547,True,REGULAR,USD,2024-09-20
36,GOOG240920P00230000,2024-04-17 16:53:45+00:00,230.0,73.6,51.65,55.0,0.0,0.0,,0.0,0.5361374511718751,True,REGULAR,USD,2024-09-20
0,GOOG241018P00070000,2024-06-05 14:46:39+00:00,70.0,0.01,0.0,1.92,0.0,0.0,1.0,61.0,0.9516606396484374,False,REGULAR,USD,2024-10-18
1,GOOG241018P00075000,2024-04-29 18:24:08+00:00,75.0,0.05,0.0,0.18,0.0,0.0,1.0,3.0,0.6250037500000001,False,REGULAR,USD,2024-10-18
2,GOOG241018P00080000,2024-06-21 14:56:06+00:00,80.0,0.05,0.01,0.1,0.030000001,150.00002,2.0,129.0,0.5507857421875001,False,REGULAR,USD,2024-10-18
3,GOOG241018P00085000,2024-04-19 18:19:43+00:00,85.0,0.23,0.03,0.11,0.0,0.0,5.0,7.0,0.52539537109375,False,REGULAR,USD,2024-10-18
4,GOOG241018P00090000,2024-06-20 15:23:04+00:00,90.0,0.03,0.01,0.1,0.0,0.0,1.0,81.0,0.5097705273437501,False,REGULAR,USD,2024-10-18
5,GOOG241018P00095000,2024-06-12 15:28:43+00:00,95.0,0.09,0.01,0.14,0.0,0.0,13.0,139.0,0.4931691308593751,False,REGULAR,USD,2024-10-18
6,GOOG241018P00100000,2024-06-21 14:19:49+00:00,100.0,0.11,0.05,0.16,0.0,0.0,10.0,73.0,0.46582565429687506,False,REGULAR,USD,2024-10-18
7,GOOG241018P00105000,2024-06-10 15:41:50+00:00,105.0,0.17,0.07,0.19,0.0,0.0,20.0,259.0,0.4409235595703125,False,REGULAR,USD,2024-10-18
8,GOOG241018P00110000,2024-06-21 18:56:06+00:00,110.0,0.17,0.0,0.22,0.010000005,6.250004,30.0,262.0,0.4155331884765625,False,REGULAR,USD,2024-10-18
9,GOOG241018P00115000,2024-06-17 18:38:36+00:00,115.0,0.2,0.14,0.27,0.0,0.0,1.0,1332.0,0.39453730468750003,False,REGULAR,USD,2024-10-18
10,GOOG241018P00120000,2024-06-21 18:57:56+00:00,120.0,0.22,0.23,0.32,-0.06999999,-24.13793,14.0,474.0,0.3715883154296875,False,REGULAR,USD,2024-10-18
11,GOOG241018P00125000,2024-06-21 18:15:57+00:00,125.0,0.32,0.29,0.4,-0.060000002,-15.7894745,10.0,607.0,0.352545537109375,False,REGULAR,USD,2024-10-18
12,GOOG241018P00130000,2024-06-21 16:55:18+00:00,130.0,0.42,0.38,0.49,-0.109999985,-20.754715,9.0,1714.0,0.33228206787109377,False,REGULAR,USD,2024-10-18
13,GOOG241018P00135000,2024-06-21 15:32:07+00:00,135.0,0.55,0.5,0.63,-0.120000005,-17.910448,6.0,954.0,0.3154365332031249,False,REGULAR,USD,2024-10-18
14,GOOG241018P00140000,2024-06-21 16:44:43+00:00,140.0,0.71,0.72,0.84,-0.24000001,-25.26316,7.0,784.0,0.3012765185546875,False,REGULAR,USD,2024-10-18
15,GOOG241018P00145000,2024-06-21 17:26:01+00:00,145.0,1.0,0.97,1.07,-0.38,-27.536232,4.0,1135.0,0.284064776611328,False,REGULAR,USD,2024-10-18
16,GOOG241018P00150000,2024-06-21 19:55:52+00:00,150.0,1.4,1.36,1.69,-0.33000004,-19.075146,24.0,1541.0,0.2843089147949218,False,REGULAR,USD,2024-10-18
17,GOOG241018P00155000,2024-06-21 16:05:41+00:00,155.0,1.88,1.91,2.09,-0.58000004,-23.577236,7.0,1274.0,0.2651440673828125,False,REGULAR,USD,2024-10-18
18,GOOG241018P00160000,2024-06-21 19:23:09+00:00,160.0,2.58,2.69,2.85,-0.6700001,-20.615387,74.0,635.0,0.2553785400390626,False,REGULAR,USD,2024-10-18
19,GOOG241018P00165000,2024-06-21 16:06:02+00:00,165.0,3.6,3.75,3.9,-0.9500003,-20.879126,34.0,677.0,0.24750508361816403,False,REGULAR,USD,2024-10-18
20,GOOG241018P00170000,2024-06-21 19:48:42+00:00,170.0,4.9,5.1,5.4,-1.1999998,-19.672129,50.0,369.0,0.24390404541015626,False,REGULAR,USD,2024-10-18
21,GOOG241018P00175000,2024-06-21 19:48:37+00:00,175.0,6.55,6.8,7.05,-1.5999994,-19.631895,37.0,381.0,0.23474886352539062,False,REGULAR,USD,2024-10-18
22,GOOG241018P00180000,2024-06-21 19:57:13+00:00,180.0,9.05,8.85,9.3,-1.5,-14.218008,35.0,546.0,0.23102575622558597,False,REGULAR,USD,2024-10-18
23,GOOG241018P00185000,2024-06-21 19:49:09+00:00,185.0,11.1,11.35,11.85,-2.1999998,-16.541351,29.0,344.0,0.2244645425415039,True,REGULAR,USD,2024-10-18
24,GOOG241018P00190000,2024-06-21 16:11:20+00:00,190.0,13.78,14.35,16.35,-3.2200003,-18.941177,2.0,40.0,0.25727061096191406,True,REGULAR,USD,2024-10-18
25,GOOG241018P00195000,2024-06-13 16:45:15+00:00,195.0,19.86,15.85,19.9,0.0,0.0,1.0,48.0,0.25879647460937505,True,REGULAR,USD,2024-10-18
26,GOOG241018P00200000,2024-06-21 19:57:12+00:00,200.0,21.58,19.55,22.15,-7.200001,-25.017374,2.0,58.0,0.2104571142578125,True,REGULAR,USD,2024-10-18
27,GOOG241018P00205000,2024-05-10 17:51:59+00:00,205.0,35.7,29.35,30.05,0.0,0.0,1.0,9.0,0.33136654968261714,True,REGULAR,USD,2024-10-18
28,GOOG241018P00210000,2024-05-07 13:35:17+00:00,210.0,37.9,30.95,35.0,0.0,0.0,,2.0,0.3606631317138671,True,REGULAR,USD,2024-10-18
0,GOOG241115P00070000,2024-05-17 19:36:54+00:00,70.0,0.03,0.0,0.11,0.0,0.0,1.0,115.0,0.570316796875,False,REGULAR,USD,2024-11-15
1,GOOG241115P00075000,2024-04-18 15:58:12+00:00,75.0,0.15,0.02,0.12,0.0,0.0,1.0,16.0,0.5449264257812501,False,REGULAR,USD,2024-11-15
2,GOOG241115P00080000,2024-05-24 14:42:28+00:00,80.0,0.07,0.0,0.55,0.0,0.0,1.0,13.0,0.6049844189453126,False,REGULAR,USD,2024-11-15
3,GOOG241115P00085000,2024-05-29 19:01:24+00:00,85.0,0.09,0.01,0.52,0.0,0.0,10.0,2.0,0.56055126953125,False,REGULAR,USD,2024-11-15
4,GOOG241115P00090000,2024-06-12 15:30:47+00:00,90.0,0.08,0.0,2.05,0.0,0.0,12.0,94.0,0.6577182666015625,False,REGULAR,USD,2024-11-15
5,GOOG241115P00095000,2024-06-05 18:14:35+00:00,95.0,0.16,0.0,2.08,0.0,0.0,1.0,575.0,0.6145058081054688,False,REGULAR,USD,2024-11-15
6,GOOG241115P00100000,2024-06-17 18:39:13+00:00,100.0,0.15,0.0,2.12,0.0,0.0,1.0,503.0,0.5739788696289063,False,REGULAR,USD,2024-11-15
7,GOOG241115P00105000,2024-05-30 13:38:16+00:00,105.0,0.33,0.14,0.3,0.0,0.0,1.0,56.0,0.4243221630859375,False,REGULAR,USD,2024-11-15
8,GOOG241115P00110000,2024-06-18 14:39:12+00:00,110.0,0.32,0.2,0.36,0.0,0.0,1.0,171.0,0.4035704174804688,False,REGULAR,USD,2024-11-15
9,GOOG241115P00115000,2024-06-12 13:30:22+00:00,115.0,0.39,0.27,0.44,0.0,0.0,1.0,94.0,0.3845276391601562,False,REGULAR,USD,2024-11-15
10,GOOG241115P00120000,2024-06-21 16:45:22+00:00,120.0,0.42,0.37,0.54,-0.09,-17.647058,2.0,643.0,0.36646141357421874,False,REGULAR,USD,2024-11-15
11,GOOG241115P00125000,2024-06-18 16:35:46+00:00,125.0,0.67,0.5,0.67,0.0,0.0,3.0,205.0,0.3493717407226562,False,REGULAR,USD,2024-11-15
12,GOOG241115P00130000,2024-06-17 15:31:44+00:00,130.0,0.88,0.67,0.84,0.0,0.0,2.0,861.0,0.33350275878906255,False,REGULAR,USD,2024-11-15
13,GOOG241115P00135000,2024-06-18 15:07:15+00:00,135.0,1.02,0.95,1.08,-0.13999999,-12.068965,1.0,752.0,0.3198310205078124,False,REGULAR,USD,2024-11-15
14,GOOG241115P00140000,2024-06-21 15:30:17+00:00,140.0,1.28,1.27,1.42,-0.25,-16.33987,11.0,594.0,0.30847859497070307,False,REGULAR,USD,2024-11-15
15,GOOG241115P00145000,2024-06-21 16:36:15+00:00,145.0,1.59,1.69,1.82,-0.5500001,-25.700935,2.0,849.0,0.29572237487792963,False,REGULAR,USD,2024-11-15
16,GOOG241115P00150000,2024-06-21 18:55:40+00:00,150.0,2.24,2.23,2.44,-0.51,-18.545454,280.0,1213.0,0.2877268493652343,False,REGULAR,USD,2024-11-15
17,GOOG241115P00155000,2024-06-21 19:21:14+00:00,155.0,2.9,3.0,3.15,-0.6999998,-19.44444,5.0,899.0,0.27722890747070306,False,REGULAR,USD,2024-11-15
18,GOOG241115P00160000,2024-06-21 19:50:00+00:00,160.0,3.9,3.95,4.2,-0.7999997,-17.02127,8.0,1359.0,0.27161372924804683,False,REGULAR,USD,2024-11-15
19,GOOG241115P00165000,2024-06-21 19:50:00+00:00,165.0,5.15,5.2,5.5,-0.8699999,-14.451826,13.0,1031.0,0.2659985510253906,False,REGULAR,USD,2024-11-15
20,GOOG241115P00170000,2024-06-21 19:49:23+00:00,170.0,6.5,6.55,7.05,-1.8299999,-21.968786,126.0,1228.0,0.2597119927978516,False,REGULAR,USD,2024-11-15
21,GOOG241115P00175000,2024-06-21 19:48:59+00:00,175.0,8.25,8.5,8.8,-1.5500002,-15.816328,25.0,968.0,0.2510450872802734,False,REGULAR,USD,2024-11-15
22,GOOG241115P00180000,2024-06-21 19:25:09+00:00,180.0,10.23,10.65,11.05,-1.9200001,-15.80247,9.0,806.0,0.24631490997314454,False,REGULAR,USD,2024-11-15
23,GOOG241115P00185000,2024-06-21 19:16:06+00:00,185.0,13.05,13.1,14.9,-1.6999998,-11.525422,20.0,350.0,0.26923338195800783,True,REGULAR,USD,2024-11-15
24,GOOG241115P00190000,2024-06-21 14:33:32+00:00,190.0,16.2,14.05,16.65,-1.3499985,-7.692299,160.0,12.0,0.2381667980957031,True,REGULAR,USD,2024-11-15
25,GOOG241115P00195000,2024-06-20 19:36:07+00:00,195.0,21.0,17.25,21.25,0.0,0.0,1.0,10.0,0.2651440673828125,True,REGULAR,USD,2024-11-15
26,GOOG241115P00200000,2024-06-10 15:42:10+00:00,200.0,27.05,20.8,23.2,0.0,0.0,2.0,5.0,0.21964281341552733,True,REGULAR,USD,2024-11-15
27,GOOG241115P00205000,2024-04-26 13:37:08+00:00,205.0,32.45,29.6,32.5,0.0,0.0,30.0,30.0,0.35950347534179683,True,REGULAR,USD,2024-11-15
28,GOOG241115P00210000,2024-06-14 15:30:21+00:00,210.0,32.3,30.1,31.3,0.0,0.0,5.0,43.0,0.2085650433349609,True,REGULAR,USD,2024-11-15
29,GOOG241115P00220000,2024-06-07 15:17:07+00:00,220.0,42.27,37.5,40.8,0.0,0.0,7.0,0.0,0.2266312689208984,True,REGULAR,USD,2024-11-15
30,GOOG241115P00230000,2024-06-13 18:41:03+00:00,230.0,51.5,47.5,50.6,0.0,0.0,18.0,0.0,0.2507399145507812,True,REGULAR,USD,2024-11-15
0,GOOG241220P00045000,2024-02-21 17:27:49+00:00,45.0,0.03,0.0,0.1,0.0,0.0,2.0,913.0,0.73437765625,False,REGULAR,USD,2024-12-20
1,GOOG241220P00050000,2024-06-06 18:20:34+00:00,50.0,0.03,0.0,0.51,0.0,0.0,10.0,1234.0,0.8251970605468748,False,REGULAR,USD,2024-12-20
2,GOOG241220P00055000,2024-05-09 18:53:52+00:00,55.0,0.04,0.0,0.09,0.0,0.0,160.0,3951.0,0.6250037500000001,False,REGULAR,USD,2024-12-20
3,GOOG241220P00060000,2024-05-17 16:10:00+00:00,60.0,0.05,0.0,0.12,0.0,0.0,1.0,943.0,0.5976602734375001,False,REGULAR,USD,2024-12-20
4,GOOG241220P00065000,2024-06-18 15:28:50+00:00,65.0,0.05,0.0,0.82,0.0,0.0,100.0,957.0,0.711916943359375,False,REGULAR,USD,2024-12-20
5,GOOG241220P00070000,2024-06-13 16:30:33+00:00,70.0,0.08,0.0,2.02,0.0,0.0,1.0,1100.0,0.7758811474609376,False,REGULAR,USD,2024-12-20
6,GOOG241220P00075000,2024-06-20 17:24:40+00:00,75.0,0.08,0.04,0.17,0.0,0.0,45.0,800.0,0.5136767382812499,False,REGULAR,USD,2024-12-20
7,GOOG241220P00080000,2024-06-20 17:24:45+00:00,80.0,0.12,0.05,0.19,0.0,0.0,91.0,819.0,0.5161181201171875,False,REGULAR,USD,2024-12-20
8,GOOG241220P00085000,2024-06-20 17:24:40+00:00,85.0,0.12,0.06,0.22,0.0,0.0,46.0,1849.0,0.49023947265625006,False,REGULAR,USD,2024-12-20
9,GOOG241220P00090000,2024-06-21 13:50:30+00:00,90.0,0.15,0.08,0.25,-0.00999999,-6.2499943,1.0,1493.0,0.4643608251953125,False,REGULAR,USD,2024-12-20
10,GOOG241220P00095000,2024-06-18 14:40:27+00:00,95.0,0.21,0.11,0.29,0.0,0.0,1.0,2945.0,0.4414118359375,False,REGULAR,USD,2024-12-20
11,GOOG241220P00100000,2024-06-17 16:55:02+00:00,100.0,0.28,0.21,0.42,0.0,0.0,1.0,1109.0,0.4343318286132813,False,REGULAR,USD,2024-12-20
12,GOOG241220P00105000,2024-06-13 19:06:45+00:00,105.0,0.34,0.0,2.0,0.0,0.0,5.0,1019.0,0.5537154003906251,False,REGULAR,USD,2024-12-20
13,GOOG241220P00110000,2024-06-07 15:55:27+00:00,110.0,0.46,0.29,0.45,0.0,0.0,6.0,1444.0,0.3764710791015625,False,REGULAR,USD,2024-12-20
14,GOOG241220P00115000,2024-06-21 15:46:02+00:00,115.0,0.47,0.39,0.58,-0.08000001,-14.545457,5.0,2055.0,0.36304347900390627,False,REGULAR,USD,2024-12-20
15,GOOG241220P00120000,2024-06-18 16:36:39+00:00,120.0,0.68,0.52,0.72,0.0,0.0,2.0,1586.0,0.3479069116210937,False,REGULAR,USD,2024-12-20
16,GOOG241220P00125000,2024-06-21 18:40:03+00:00,125.0,0.72,0.69,0.89,-0.14999998,-17.241377,11.0,3857.0,0.33289241333007813,False,REGULAR,USD,2024-12-20
17,GOOG241220P00130000,2024-06-21 19:58:32+00:00,130.0,1.0,0.97,1.12,-0.16999996,-14.529911,45.0,4686.0,0.3197089514160155,False,REGULAR,USD,2024-12-20
18,GOOG241220P00135000,2024-06-21 14:54:37+00:00,135.0,1.29,1.26,1.43,-0.18000007,-12.244903,117.0,2627.0,0.30811238769531246,False,REGULAR,USD,2024-12-20
19,GOOG241220P00140000,2024-06-21 13:47:30+00:00,140.0,1.76,1.65,1.83,-0.21000004,-10.659901,3.0,1756.0,0.29724823852539056,False,REGULAR,USD,2024-12-20
20,GOOG241220P00145000,2024-06-21 16:25:47+00:00,145.0,2.12,2.16,2.3,-0.42000008,-16.535435,2.0,1987.0,0.28552960571289054,False,REGULAR,USD,2024-12-20
21,GOOG241220P00150000,2024-06-21 19:52:53+00:00,150.0,2.8,2.82,2.96,-0.5,-15.151516,116.0,2795.0,0.2766795965576171,False,REGULAR,USD,2024-12-20
22,GOOG241220P00155000,2024-06-21 19:50:00+00:00,155.0,3.62,3.65,3.95,-0.73,-16.78161,19.0,1396.0,0.27295648925781246,False,REGULAR,USD,2024-12-20
23,GOOG241220P00160000,2024-06-21 19:14:17+00:00,160.0,4.55,4.7,6.95,-0.9499998,-17.272724,56.0,451.0,0.31378860046386714,False,REGULAR,USD,2024-12-20
24,GOOG241220P00165000,2024-06-21 19:50:00+00:00,165.0,5.9,4.3,7.2,-1.0,-14.492753,25.0,1723.0,0.2786021847534179,False,REGULAR,USD,2024-12-20
25,GOOG241220P00170000,2024-06-21 19:32:33+00:00,170.0,7.35,7.4,8.0,-1.2999997,-15.028898,36.0,6326.0,0.25382215911865236,False,REGULAR,USD,2024-12-20
26,GOOG241220P00175000,2024-06-21 19:33:59+00:00,175.0,9.1,9.4,9.85,-1.6499996,-15.348834,62.0,522.0,0.2469252554321289,False,REGULAR,USD,2024-12-20
27,GOOG241220P00180000,2024-06-21 19:57:08+00:00,180.0,11.65,11.55,12.05,-1.5,-11.406844,78.0,550.0,0.24106593902587892,False,REGULAR,USD,2024-12-20
28,GOOG241220P00185000,2024-06-17 18:15:06+00:00,185.0,13.6,13.85,14.35,-1.0999994,-7.4829893,4.0,141.0,0.23093420440673829,True,REGULAR,USD,2024-12-20
29,GOOG241220P00190000,2024-06-13 15:41:33+00:00,190.0,18.41,16.65,17.3,0.0,0.0,3.0,40.0,0.22724161437988277,True,REGULAR,USD,2024-12-20
30,GOOG241220P00195000,2024-05-28 13:33:33+00:00,195.0,21.9,19.6,20.45,0.0,0.0,6.0,251.0,0.22101609069824218,True,REGULAR,USD,2024-12-20
31,GOOG241220P00200000,2024-06-21 19:57:12+00:00,200.0,23.52,21.55,25.55,-0.47999954,-1.9999981,2.0,186.0,0.25226577819824214,True,REGULAR,USD,2024-12-20
32,GOOG241220P00205000,2024-04-09 14:10:42+00:00,205.0,45.71,34.3,36.55,0.0,0.0,,1.0,0.40869731933593745,True,REGULAR,USD,2024-12-20
33,GOOG241220P00210000,2024-06-04 14:33:24+00:00,210.0,30.5,30.65,31.85,-6.25,-17.006802,1.0,18.0,0.2059405578613281,True,REGULAR,USD,2024-12-20
34,GOOG241220P00215000,2024-05-20 13:53:34+00:00,215.0,36.2,38.45,41.4,0.0,0.0,,6.0,0.34857829162597653,True,REGULAR,USD,2024-12-20
35,GOOG241220P00220000,2024-04-04 18:05:51+00:00,220.0,64.7,49.9,53.5,0.0,0.0,2.0,0.0,0.5289964093017578,True,REGULAR,USD,2024-12-20
36,GOOG241220P00240000,2024-04-26 15:29:43+00:00,240.0,66.81,61.15,65.85,0.0,0.0,2.0,0.0,0.43921459228515625,True,REGULAR,USD,2024-12-20
0,GOOG250117P00045000,2024-06-17 17:51:46+00:00,45.0,0.08,0.01,0.11,0.0,0.0,3.0,3504.0,0.6953155468750001,False,REGULAR,USD,2025-01-17
1,GOOG250117P00050000,2024-06-05 14:49:53+00:00,50.0,0.02,0.0,0.12,0.0,0.0,15.0,6991.0,0.6445348046875,False,REGULAR,USD,2025-01-17
2,GOOG250117P00055000,2024-05-01 18:19:11+00:00,55.0,0.05,0.01,0.12,0.0,0.0,7.0,1531.0,0.6035195898437502,False,REGULAR,USD,2025-01-17
3,GOOG250117P00060000,2024-05-08 18:53:47+00:00,60.0,0.06,0.0,0.11,0.0,0.0,1.0,1663.0,0.5507857421875001,False,REGULAR,USD,2025-01-17
4,GOOG250117P00065000,2024-05-28 16:17:52+00:00,65.0,0.07,0.05,0.16,0.0,0.0,1.0,1677.0,0.5507857421875001,False,REGULAR,USD,2025-01-17
5,GOOG250117P00070000,2024-06-21 13:37:37+00:00,70.0,0.09,0.04,0.17,0.050000004,125.000015,1.0,3311.0,0.5136767382812499,False,REGULAR,USD,2025-01-17
6,GOOG250117P00075000,2024-06-18 18:09:46+00:00,75.0,0.13,0.05,0.2,0.0,0.0,75.0,5223.0,0.5190477783203125,False,REGULAR,USD,2025-01-17
7,GOOG250117P00080000,2024-06-17 14:04:20+00:00,80.0,0.17,0.0,0.65,0.0,0.0,10.0,6040.0,0.5185595019531251,False,REGULAR,USD,2025-01-17
8,GOOG250117P00085000,2024-06-10 14:50:54+00:00,85.0,0.13,0.13,0.25,0.0,0.0,1.0,5702.0,0.46484910156250003,False,REGULAR,USD,2025-01-17
9,GOOG250117P00090000,2024-06-12 18:34:43+00:00,90.0,0.2,0.09,0.29,0.0,0.0,405.0,7162.0,0.4419001123046875,False,REGULAR,USD,2025-01-17
10,GOOG250117P00095000,2024-06-20 13:30:11+00:00,95.0,0.26,0.14,0.34,0.0,0.0,1.0,4397.0,0.42090422851562503,False,REGULAR,USD,2025-01-17
11,GOOG250117P00100000,2024-06-20 13:36:33+00:00,100.0,0.34,0.26,0.4,0.0,0.0,1.0,4164.0,0.4008848974609375,False,REGULAR,USD,2025-01-17
12,GOOG250117P00105000,2024-06-21 18:11:44+00:00,105.0,0.34,0.27,0.48,-0.060000002,-15.000001,2.0,3564.0,0.3833069482421875,False,REGULAR,USD,2025-01-17
13,GOOG250117P00110000,2024-06-21 14:29:29+00:00,110.0,0.46,0.36,0.57,-0.06999996,-13.207541,1.0,3316.0,0.36524072265625,False,REGULAR,USD,2025-01-17
14,GOOG250117P00115000,2024-06-20 19:06:04+00:00,115.0,0.65,0.48,0.7,0.0,0.0,1.0,3389.0,0.35034829345703117,False,REGULAR,USD,2025-01-17
15,GOOG250117P00120000,2024-06-21 16:30:23+00:00,120.0,0.7,0.68,0.85,-0.100000024,-12.500003,30.0,5157.0,0.334967587890625,False,REGULAR,USD,2025-01-17
16,GOOG250117P00125000,2024-06-21 19:13:48+00:00,125.0,0.93,0.83,1.06,-0.099999964,-9.7087345,123.0,5523.0,0.3220282641601562,False,REGULAR,USD,2025-01-17
17,GOOG250117P00130000,2024-06-21 14:04:21+00:00,130.0,1.2,1.12,1.33,-0.17999995,-13.043475,12.0,4127.0,0.3100654931640625,False,REGULAR,USD,2025-01-17
18,GOOG250117P00135000,2024-06-21 15:52:52+00:00,135.0,1.48,1.46,1.59,-0.23000002,-13.450294,28.0,3436.0,0.29480685668945306,False,REGULAR,USD,2025-01-17
19,GOOG250117P00140000,2024-06-21 18:23:48+00:00,140.0,1.9,1.92,2.12,-0.35000002,-15.555556,26.0,9542.0,0.28888650573730457,False,REGULAR,USD,2025-01-17
20,GOOG250117P00145000,2024-06-21 16:29:58+00:00,145.0,2.41,2.48,2.64,-0.54999995,-18.58108,11.0,14061.0,0.2779613220214844,False,REGULAR,USD,2025-01-17
21,GOOG250117P00150000,2024-06-21 16:28:45+00:00,150.0,3.13,3.2,3.5,-0.56999993,-15.405403,56.0,4311.0,0.2740551110839844,False,REGULAR,USD,2025-01-17
22,GOOG250117P00155000,2024-06-21 16:29:11+00:00,155.0,3.97,4.1,4.3,-0.83000016,-17.29167,13.0,1742.0,0.26343510009765625,False,REGULAR,USD,2025-01-17
23,GOOG250117P00160000,2024-06-21 19:55:47+00:00,160.0,5.25,5.25,5.55,-0.75,-12.5,13.0,3673.0,0.2596814755249024,False,REGULAR,USD,2025-01-17
24,GOOG250117P00165000,2024-06-21 19:59:06+00:00,165.0,6.65,6.6,6.85,-0.8699999,-11.569147,25.0,2437.0,0.25177750183105463,False,REGULAR,USD,2025-01-17
25,GOOG250117P00170000,2024-06-21 19:33:50+00:00,170.0,7.9,7.2,8.5,-1.3600001,-14.686826,58.0,1536.0,0.24622335815429688,False,REGULAR,USD,2025-01-17
26,GOOG250117P00175000,2024-06-21 16:55:40+00:00,175.0,9.7,9.95,10.4,-1.75,-15.283842,45.0,1550.0,0.24024197265624997,False,REGULAR,USD,2025-01-17
27,GOOG250117P00180000,2024-06-21 19:33:49+00:00,180.0,11.8,12.1,12.75,-1.8000002,-13.235294,30.0,1806.0,0.23728179718017578,False,REGULAR,USD,2025-01-17
28,GOOG250117P00185000,2024-06-21 19:51:38+00:00,185.0,14.4,14.6,15.2,-2.0,-12.195122,13.0,765.0,0.23059851440429688,True,REGULAR,USD,2025-01-17
29,GOOG250117P00190000,2024-06-21 19:12:57+00:00,190.0,16.9,15.4,18.0,-2.3099995,-12.024984,10.0,97.0,0.22470868072509764,True,REGULAR,USD,2025-01-17
30,GOOG250117P00195000,2024-04-04 15:25:32+00:00,195.0,40.8,28.75,29.4,0.0,0.0,1.0,117.0,0.37622694091796877,True,REGULAR,USD,2025-01-17
31,GOOG250117P00200000,2024-06-14 19:54:56+00:00,200.0,25.63,21.5,24.8,0.0,0.0,22.0,163.0,0.21900195068359374,True,REGULAR,USD,2025-01-17
32,GOOG250117P00205000,2024-06-04 14:41:00+00:00,205.0,32.4,27.0,28.35,0.0,0.0,110.0,149.0,0.21033504516601562,True,REGULAR,USD,2025-01-17
33,GOOG250117P00210000,2024-06-18 19:00:33+00:00,210.0,35.11,30.85,32.3,0.0,0.0,10.0,97.0,0.20459779785156246,True,REGULAR,USD,2025-01-17
34,GOOG250117P00215000,2024-06-04 14:40:30+00:00,215.0,41.15,35.35,36.45,0.0,0.0,36.0,47.0,0.1975788250732422,True,REGULAR,USD,2025-01-17
35,GOOG250117P00220000,2024-06-17 17:29:43+00:00,220.0,41.7,39.4,40.85,0.0,0.0,4.0,169.0,0.19178054321289065,True,REGULAR,USD,2025-01-17
36,GOOG250117P00230000,2024-04-09 14:02:52+00:00,230.0,70.44,56.5,60.55,0.0,0.0,,0.0,0.4763541134643554,True,REGULAR,USD,2025-01-17
0,GOOG250321P00070000,2024-05-07 14:51:42+00:00,70.0,0.1,0.08,2.24,0.0,0.0,11.0,374.0,0.6501499829101562,False,REGULAR,USD,2025-03-21
1,GOOG250321P00075000,2024-05-07 16:09:08+00:00,75.0,0.12,0.11,2.28,0.0,0.0,60.0,647.0,0.6108437353515627,False,REGULAR,USD,2025-03-21
2,GOOG250321P00080000,2024-06-21 15:13:08+00:00,80.0,0.12,0.0,0.53,0.11,1100.0,8.0,318.0,0.49121602539062503,False,REGULAR,USD,2025-03-21
3,GOOG250321P00085000,2024-06-17 19:49:15+00:00,85.0,0.27,0.0,0.59,0.0,0.0,2.0,16.0,0.46631393066406257,False,REGULAR,USD,2025-03-21
4,GOOG250321P00090000,2024-03-25 19:39:03+00:00,90.0,0.76,0.0,2.88,0.0,0.0,10.0,63.0,0.5173388110351562,False,REGULAR,USD,2025-03-21
5,GOOG250321P00095000,2024-04-29 15:58:38+00:00,95.0,0.72,0.0,2.61,0.0,0.0,6.0,176.0,0.5564009204101563,False,REGULAR,USD,2025-03-21
6,GOOG250321P00100000,2024-05-13 16:18:19+00:00,100.0,1.03,0.0,1.4,0.0,0.0,10.0,1111.0,0.44653873779296877,False,REGULAR,USD,2025-03-21
7,GOOG250321P00105000,2024-06-21 17:21:12+00:00,105.0,0.56,0.0,0.94,-0.47999996,-46.153843,1.0,173.0,0.3811097045898437,False,REGULAR,USD,2025-03-21
8,GOOG250321P00110000,2024-05-03 14:35:38+00:00,110.0,1.33,0.0,3.15,0.0,0.0,1.0,230.0,0.4744315252685547,False,REGULAR,USD,2025-03-21
9,GOOG250321P00115000,2024-06-21 18:11:44+00:00,115.0,0.79,0.27,1.3,-0.13,-14.130434,1.0,533.0,0.34998208618164056,False,REGULAR,USD,2025-03-21
10,GOOG250321P00120000,2024-06-17 15:42:58+00:00,120.0,1.13,0.48,1.56,-0.16999996,-13.0769205,1.0,199.0,0.336920693359375,False,REGULAR,USD,2025-03-21
11,GOOG250321P00125000,2024-06-21 15:16:34+00:00,125.0,1.5,0.57,1.7,-0.029999971,-1.9607825,2.0,6281.0,0.31641308593749995,False,REGULAR,USD,2025-03-21
12,GOOG250321P00130000,2024-06-21 16:21:43+00:00,130.0,1.7,1.54,1.99,-0.3599999,-17.475723,18.0,2052.0,0.3020089331054688,False,REGULAR,USD,2025-03-21
13,GOOG250321P00135000,2024-06-21 17:45:24+00:00,135.0,2.04,2.01,2.52,-0.53,-20.622568,6.0,268.0,0.29480685668945306,False,REGULAR,USD,2025-03-21
14,GOOG250321P00140000,2024-06-21 15:26:25+00:00,140.0,2.64,2.45,2.95,-0.6299999,-19.26605,4.0,1564.0,0.28113511840820304,False,REGULAR,USD,2025-03-21
15,GOOG250321P00145000,2024-06-21 15:38:01+00:00,145.0,3.3,3.25,3.95,-0.58000016,-14.948458,4.0,233.0,0.2813182220458984,False,REGULAR,USD,2025-03-21
16,GOOG250321P00150000,2024-06-21 19:19:38+00:00,150.0,4.3,4.15,4.6,-0.6499996,-13.131306,8.0,409.0,0.2680432083129882,False,REGULAR,USD,2025-03-21
17,GOOG250321P00155000,2024-06-21 18:15:15+00:00,155.0,5.4,5.25,5.65,-0.6799998,-11.184208,97.0,449.0,0.26129889099121095,False,REGULAR,USD,2025-03-21
18,GOOG250321P00160000,2024-06-21 19:23:42+00:00,160.0,6.5,5.6,6.9,-0.6199999,-8.707864,2.0,333.0,0.25501233276367197,False,REGULAR,USD,2025-03-21
19,GOOG250321P00165000,2024-06-21 14:56:06+00:00,165.0,8.2,7.75,8.75,-0.47000027,-5.420995,22.0,1133.0,0.2560194027709961,False,REGULAR,USD,2025-03-21
20,GOOG250321P00170000,2024-06-21 17:45:33+00:00,170.0,9.64,9.3,10.15,-1.7699995,-15.512703,8.0,1086.0,0.24457542541503907,False,REGULAR,USD,2025-03-21
21,GOOG250321P00175000,2024-06-21 17:06:30+00:00,175.0,11.45,11.5,12.15,-1.4700003,-11.377711,20.0,57.0,0.239692661743164,False,REGULAR,USD,2025-03-21
22,GOOG250321P00180000,2024-06-21 18:30:50+00:00,180.0,13.8,12.75,14.1,-2.1099997,-13.262097,4.0,73.0,0.2298660998535156,False,REGULAR,USD,2025-03-21
23,GOOG250321P00185000,2024-06-21 15:13:08+00:00,185.0,16.69,15.15,16.85,-1.8099995,-9.783781,2.0,12.0,0.22876747802734376,True,REGULAR,USD,2025-03-21
24,GOOG250321P00190000,2024-06-21 14:20:06+00:00,190.0,19.19,17.85,19.7,-1.5199986,-7.3394427,3.0,10.0,0.22492230163574217,True,REGULAR,USD,2025-03-21
25,GOOG250321P00195000,2024-06-21 14:20:06+00:00,195.0,22.09,21.6,23.5,-4.5300007,-17.017282,3.0,2.0,0.23267368896484375,True,REGULAR,USD,2025-03-21
26,GOOG250321P00200000,2024-06-12 15:15:10+00:00,200.0,26.05,23.0,26.45,0.0,0.0,2.0,23.0,0.22205367797851558,True,REGULAR,USD,2025-03-21
27,GOOG250321P00205000,2024-04-17 16:53:45+00:00,205.0,49.29,31.25,33.45,0.0,0.0,2.0,1.0,0.2802806347656249,True,REGULAR,USD,2025-03-21
28,GOOG250321P00210000,2024-06-21 15:16:34+00:00,210.0,32.47,30.0,33.6,-8.509998,-20.766224,2.0,1.0,0.2089312506103515,True,REGULAR,USD,2025-03-21
29,GOOG250321P00220000,2024-06-14 16:48:12+00:00,220.0,42.3,38.5,41.5,0.0,0.0,2.0,68.0,0.19001054138183598,True,REGULAR,USD,2025-03-21
30,GOOG250321P00260000,2024-06-14 16:48:12+00:00,260.0,81.65,77.5,81.95,0.0,0.0,,,0.30884480224609373,True,REGULAR,USD,2025-03-21
0,GOOG250620P00045000,2024-06-06 17:15:29+00:00,45.0,0.84,0.01,0.9,0.0,0.0,2.0,517.0,0.6840851904296876,False,REGULAR,USD,2025-06-20
1,GOOG250620P00050000,2024-05-28 19:12:37+00:00,50.0,0.1,0.0,0.5,0.0,0.0,1.0,1912.0,0.5810588769531251,False,REGULAR,USD,2025-06-20
2,GOOG250620P00055000,2024-05-28 18:23:46+00:00,55.0,0.18,0.0,2.24,0.0,0.0,2.0,909.0,0.6892120922851563,False,REGULAR,USD,2025-06-20
3,GOOG250620P00060000,2024-02-29 17:06:53+00:00,60.0,0.24,0.0,5.0,0.0,0.0,1.0,417.0,0.7637963073730469,False,REGULAR,USD,2025-06-20
4,GOOG250620P00065000,2024-04-15 18:35:07+00:00,65.0,0.53,0.0,2.33,0.0,0.0,1.0,1045.0,0.6035195898437502,False,REGULAR,USD,2025-06-20
5,GOOG250620P00070000,2024-06-12 14:38:23+00:00,70.0,0.34,0.01,0.7,0.0,0.0,2.0,1329.0,0.5122119091796875,False,REGULAR,USD,2025-06-20
6,GOOG250620P00075000,2024-05-23 16:16:59+00:00,75.0,0.44,0.0,2.39,0.0,0.0,2.0,1225.0,0.5288133056640626,False,REGULAR,USD,2025-06-20
7,GOOG250620P00080000,2024-06-06 17:15:29+00:00,80.0,0.52,0.0,2.44,0.0,0.0,6.0,802.0,0.5795940478515625,False,REGULAR,USD,2025-06-20
8,GOOG250620P00085000,2024-06-17 19:14:51+00:00,85.0,0.5,0.1,2.51,0.0,0.0,2.0,588.0,0.5459029785156251,False,REGULAR,USD,2025-06-20
9,GOOG250620P00090000,2024-06-17 14:15:44+00:00,90.0,0.7,0.15,1.4,0.0,0.0,2.0,1019.0,0.44507390869140623,False,REGULAR,USD,2025-06-20
10,GOOG250620P00095000,2024-06-05 16:23:25+00:00,95.0,0.76,0.0,2.7,0.0,0.0,1.0,635.0,0.4859670544433594,False,REGULAR,USD,2025-06-20
11,GOOG250620P00100000,2024-06-17 18:50:01+00:00,100.0,0.62,0.64,1.6,0.0,0.0,11.0,1649.0,0.3983214465332031,False,REGULAR,USD,2025-06-20
12,GOOG250620P00105000,2024-06-21 17:32:00+00:00,105.0,0.77,0.0,1.97,-0.23000002,-23.000002,4.0,976.0,0.3895324719238281,False,REGULAR,USD,2025-06-20
13,GOOG250620P00110000,2024-06-13 16:03:56+00:00,110.0,1.12,0.0,1.7,0.0,0.0,2.0,1455.0,0.34888346435546874,False,REGULAR,USD,2025-06-20
14,GOOG250620P00115000,2024-06-21 14:18:17+00:00,115.0,1.4,0.0,3.5,-0.13999999,-9.090909,8.0,1766.0,0.3936828210449219,False,REGULAR,USD,2025-06-20
15,GOOG250620P00120000,2024-06-21 19:00:33+00:00,120.0,1.61,0.0,3.5,-0.43999994,-21.463411,5.0,1896.0,0.364813480834961,False,REGULAR,USD,2025-06-20
16,GOOG250620P00125000,2024-06-21 18:48:46+00:00,125.0,2.1,1.9,2.39,-0.1500001,-6.666671,19.0,1075.0,0.30036100036621094,False,REGULAR,USD,2025-06-20
17,GOOG250620P00130000,2024-06-21 18:49:51+00:00,130.0,2.62,2.14,2.98,-0.48000002,-15.483872,16.0,702.0,0.294379614868164,False,REGULAR,USD,2025-06-20
18,GOOG250620P00135000,2024-06-21 18:19:59+00:00,135.0,3.25,1.85,4.55,-0.3499999,-9.72222,15.0,678.0,0.3112251495361328,False,REGULAR,USD,2025-06-20
19,GOOG250620P00140000,2024-06-18 15:45:28+00:00,140.0,4.07,3.6,4.3,-0.4699998,-10.352419,3.0,1492.0,0.2779918392944336,False,REGULAR,USD,2025-06-20
20,GOOG250620P00145000,2024-06-21 15:19:37+00:00,145.0,4.86,4.65,5.2,-0.53999996,-9.999999,76.0,2819.0,0.27164424652099606,False,REGULAR,USD,2025-06-20
21,GOOG250620P00150000,2024-06-21 14:43:44+00:00,150.0,6.06,5.6,6.3,-0.84000015,-12.173915,1.0,2231.0,0.26651734466552734,False,REGULAR,USD,2025-06-20
22,GOOG250620P00155000,2024-06-20 17:25:58+00:00,155.0,8.05,6.8,8.2,0.0,0.0,5.0,2437.0,0.2727733856201171,False,REGULAR,USD,2025-06-20
23,GOOG250620P00160000,2024-06-21 16:36:35+00:00,160.0,8.35,6.8,9.55,-1.2999992,-13.471495,79.0,5101.0,0.26538820556640624,False,REGULAR,USD,2025-06-20
24,GOOG250620P00165000,2024-06-21 15:47:25+00:00,165.0,9.3,9.05,10.8,-1.5,-13.888888,20.0,504.0,0.25391371093750004,False,REGULAR,USD,2025-06-20
25,GOOG250620P00170000,2024-06-21 17:04:23+00:00,170.0,12.0,11.2,13.3,-1.0299997,-7.904833,20.0,325.0,0.2587659573364258,False,REGULAR,USD,2025-06-20
26,GOOG250620P00175000,2024-06-13 16:23:21+00:00,175.0,14.75,13.4,14.8,0.0,0.0,1.0,119.0,0.24558249542236327,False,REGULAR,USD,2025-06-20
27,GOOG250620P00180000,2024-06-21 18:21:23+00:00,180.0,16.0,15.25,16.25,-1.5,-8.571429,1003.0,76.0,0.22919471984863282,False,REGULAR,USD,2025-06-20
28,GOOG250620P00185000,2024-06-21 15:42:30+00:00,185.0,18.29,18.2,19.95,-2.6099987,-12.488032,8.0,94.0,0.24127955993652345,True,REGULAR,USD,2025-06-20
29,GOOG250620P00190000,2024-06-14 15:39:14+00:00,190.0,22.35,20.2,21.75,0.0,0.0,4.0,41.0,0.22364057617187497,True,REGULAR,USD,2025-06-20
30,GOOG250620P00195000,2024-06-04 19:23:24+00:00,195.0,27.69,22.85,25.3,0.0,0.0,6.0,34.0,0.2274247180175781,True,REGULAR,USD,2025-06-20
31,GOOG250620P00200000,2024-05-16 14:56:58+00:00,200.0,30.35,25.5,29.75,0.0,0.0,5.0,7.0,0.24164576721191405,True,REGULAR,USD,2025-06-20
32,GOOG250620P00205000,2024-06-04 14:38:48+00:00,205.0,35.1,29.4,33.0,0.0,0.0,50.0,50.0,0.23581696807861324,True,REGULAR,USD,2025-06-20
33,GOOG250620P00215000,2024-06-04 14:38:40+00:00,215.0,42.95,35.5,40.0,0.0,0.0,54.0,54.0,0.22235885070800776,True,REGULAR,USD,2025-06-20
34,GOOG250620P00220000,2024-06-04 14:40:25+00:00,220.0,47.05,39.5,44.0,0.0,0.0,55.0,55.0,0.2194291925048828,True,REGULAR,USD,2025-06-20
35,GOOG250620P00225000,2024-06-21 18:17:42+00:00,225.0,45.1,44.1,46.7,-1.6000023,-3.426129,2.0,49.0,0.18262536132812499,True,REGULAR,USD,2025-06-20
36,GOOG250620P00230000,2024-05-20 13:44:25+00:00,230.0,51.4,51.05,56.0,0.0,0.0,,4.0,0.28565167480468745,True,REGULAR,USD,2025-06-20
0,GOOG251219P00045000,2024-03-21 13:30:02+00:00,45.0,0.46,0.01,0.37,0.0,0.0,5.0,262.0,0.5410202148437502,False,REGULAR,USD,2025-12-19
1,GOOG251219P00050000,2024-05-28 18:24:06+00:00,50.0,0.21,0.2,0.75,0.0,0.0,11.0,875.0,0.5210008837890624,False,REGULAR,USD,2025-12-19
2,GOOG251219P00055000,2024-02-23 18:38:01+00:00,55.0,0.5,0.0,2.55,0.0,0.0,4.0,99.0,0.5770305969238281,False,REGULAR,USD,2025-12-19
3,GOOG251219P00060000,2024-04-23 19:58:07+00:00,60.0,0.5,0.0,0.0,0.0,0.0,40.0,0.0,0.12500875,False,REGULAR,USD,2025-12-19
4,GOOG251219P00065000,2024-05-31 13:39:01+00:00,65.0,0.54,0.01,1.0,0.0,0.0,400.0,740.0,0.4781546325683594,False,REGULAR,USD,2025-12-19
5,GOOG251219P00070000,2024-05-31 13:45:04+00:00,70.0,1.02,0.37,1.98,0.0,0.0,500.0,1356.0,0.5147753601074219,False,REGULAR,USD,2025-12-19
6,GOOG251219P00075000,2024-05-31 13:52:37+00:00,75.0,0.95,0.3,1.25,0.0,0.0,200.0,415.0,0.43555251953125,False,REGULAR,USD,2025-12-19
7,GOOG251219P00080000,2024-06-11 15:33:55+00:00,80.0,0.9,0.53,1.15,0.0,0.0,3.0,1242.0,0.4000304138183594,False,REGULAR,USD,2025-12-19
8,GOOG251219P00085000,2024-06-13 15:38:17+00:00,85.0,0.8,0.0,1.25,0.0,0.0,6.0,979.0,0.379889013671875,False,REGULAR,USD,2025-12-19
9,GOOG251219P00090000,2024-06-17 17:43:51+00:00,90.0,1.16,0.35,1.2,0.0,0.0,1.0,1191.0,0.35156898437499995,False,REGULAR,USD,2025-12-19
10,GOOG251219P00095000,2024-06-12 18:51:19+00:00,95.0,1.36,1.0,1.91,0.0,0.0,2.0,592.0,0.36365382446289063,False,REGULAR,USD,2025-12-19
11,GOOG251219P00100000,2024-06-18 16:56:20+00:00,100.0,1.66,1.3,2.88,0.0,0.0,10.0,698.0,0.3767152172851562,False,REGULAR,USD,2025-12-19
12,GOOG251219P00105000,2024-06-12 19:52:12+00:00,105.0,1.92,1.67,2.16,0.0,0.0,10.0,2918.0,0.32532412963867186,False,REGULAR,USD,2025-12-19
13,GOOG251219P00110000,2024-06-21 17:02:02+00:00,110.0,2.2,2.2,2.78,-0.15999985,-6.779655,50.0,1217.0,0.32355412780761705,False,REGULAR,USD,2025-12-19
14,GOOG251219P00115000,2024-06-12 13:32:13+00:00,115.0,2.85,2.5,2.97,0.0,0.0,1.0,410.0,0.3060372131347656,False,REGULAR,USD,2025-12-19
15,GOOG251219P00120000,2024-06-13 18:11:15+00:00,120.0,3.4,2.9,4.25,0.0,0.0,3.0,458.0,0.3169623968505859,False,REGULAR,USD,2025-12-19
16,GOOG251219P00125000,2024-06-20 19:23:41+00:00,125.0,4.28,2.26,4.3,0.0,0.0,23.0,601.0,0.294379614868164,False,REGULAR,USD,2025-12-19
17,GOOG251219P00130000,2024-06-21 19:55:41+00:00,130.0,4.5,4.4,4.95,-0.25,-5.263158,4.0,323.0,0.28531598480224607,False,REGULAR,USD,2025-12-19
18,GOOG251219P00135000,2024-06-20 15:29:21+00:00,135.0,5.16,4.8,5.75,0.0,0.0,10.0,519.0,0.277778218383789,False,REGULAR,USD,2025-12-19
19,GOOG251219P00140000,2024-06-12 15:17:28+00:00,140.0,6.22,5.15,9.0,0.0,0.0,1.0,740.0,0.31018756225585936,False,REGULAR,USD,2025-12-19
20,GOOG251219P00145000,2024-06-12 18:06:54+00:00,145.0,7.68,5.55,8.35,0.0,0.0,11.0,259.0,0.2742076974487304,False,REGULAR,USD,2025-12-19
21,GOOG251219P00150000,2024-06-21 15:38:01+00:00,150.0,8.3,7.4,9.95,-1.4299994,-14.696808,1.0,492.0,0.2732616619873046,False,REGULAR,USD,2025-12-19
22,GOOG251219P00155000,2024-06-20 18:09:44+00:00,155.0,10.7,8.45,10.55,0.0,0.0,3.0,159.0,0.2559888854980469,False,REGULAR,USD,2025-12-19
23,GOOG251219P00160000,2024-06-21 19:33:39+00:00,160.0,11.2,9.8,12.2,-1.25,-10.040161,3.0,291.0,0.25193008819580076,False,REGULAR,USD,2025-12-19
24,GOOG251219P00165000,2024-06-21 17:52:21+00:00,165.0,13.12,11.95,14.4,-1.1800003,-8.251751,1.0,370.0,0.25275405456542965,False,REGULAR,USD,2025-12-19
25,GOOG251219P00170000,2024-06-20 17:35:01+00:00,170.0,18.1,13.75,16.2,0.0,0.0,3.0,43.0,0.24631490997314454,False,REGULAR,USD,2025-12-19
26,GOOG251219P00175000,2024-06-14 15:58:18+00:00,175.0,17.5,16.0,18.1,0.0,0.0,10.0,54.0,0.23918912673950193,False,REGULAR,USD,2025-12-19
27,GOOG251219P00180000,2024-06-21 14:14:55+00:00,180.0,19.8,17.7,21.05,-2.4500008,-11.011239,1.0,115.0,0.24225611267089842,False,REGULAR,USD,2025-12-19
28,GOOG251219P00185000,2024-05-15 15:53:54+00:00,185.0,26.1,20.5,24.3,0.0,0.0,33.0,131.0,0.24652853088378907,True,REGULAR,USD,2025-12-19
29,GOOG251219P00190000,2024-06-07 19:45:48+00:00,190.0,26.8,22.0,25.65,0.0,0.0,1.0,6.0,0.22715006256103515,True,REGULAR,USD,2025-12-19
30,GOOG251219P00195000,2024-06-14 19:29:45+00:00,195.0,28.63,25.65,28.65,0.0,0.0,2.0,4.0,0.22449505981445309,True,REGULAR,USD,2025-12-19
31,GOOG251219P00200000,2024-05-29 14:47:33+00:00,200.0,32.2,28.0,31.7,0.0,0.0,1.0,34.0,0.22037522796630854,True,REGULAR,USD,2025-12-19
32,GOOG251219P00205000,2024-05-13 18:49:19+00:00,205.0,40.85,31.5,35.4,0.0,0.0,2.0,5.0,0.2219316088867187,True,REGULAR,USD,2025-12-19
33,GOOG251219P00210000,2024-06-05 16:10:16+00:00,210.0,40.0,34.5,39.0,0.0,0.0,1.0,9.0,0.22048203842163083,True,REGULAR,USD,2025-12-19
34,GOOG251219P00215000,2024-06-12 15:46:33+00:00,215.0,41.01,38.0,42.5,0.0,0.0,1.0,3.0,0.2157976370239258,True,REGULAR,USD,2025-12-19
35,GOOG251219P00240000,2024-05-20 13:45:31+00:00,240.0,61.35,61.0,66.0,0.0,0.0,,4.0,0.25571423004150395,True,REGULAR,USD,2025-12-19
36,GOOG251219P00260000,2024-05-20 14:47:26+00:00,260.0,81.0,81.0,86.0,0.0,0.0,,0.0,0.29587496124267576,True,REGULAR,USD,2025-12-19
0,GOOG260116P00065000,2024-06-18 19:25:08+00:00,65.0,0.65,0.0,1.02,0.0,0.0,3.0,1034.0,0.46802289794921875,False,REGULAR,USD,2026-01-16
1,GOOG260116P00070000,2024-06-17 18:18:31+00:00,70.0,0.65,0.52,1.83,0.0,0.0,1.0,2544.0,0.4931691308593751,False,REGULAR,USD,2026-01-16
2,GOOG260116P00075000,2024-06-20 17:31:21+00:00,75.0,0.6,0.53,1.93,0.0,0.0,1.0,1064.0,0.46655806884765627,False,REGULAR,USD,2026-01-16
3,GOOG260116P00080000,2024-06-20 19:51:00+00:00,80.0,0.9,0.7,1.1,0.07999998,9.756096,2.0,1249.0,0.38660281372070304,False,REGULAR,USD,2026-01-16
4,GOOG260116P00085000,2024-06-21 18:52:42+00:00,85.0,0.91,0.67,1.05,-0.109999955,-10.784309,20.0,1042.0,0.35767243896484374,False,REGULAR,USD,2026-01-16
5,GOOG260116P00090000,2024-06-21 17:31:08+00:00,90.0,1.21,0.56,1.36,-0.17999995,-12.949636,3.0,983.0,0.35205726074218746,False,REGULAR,USD,2026-01-16
6,GOOG260116P00095000,2024-06-21 15:19:17+00:00,95.0,1.7,1.09,2.5,-0.26,-13.2653055,6.0,393.0,0.37915659912109373,False,REGULAR,USD,2026-01-16
7,GOOG260116P00100000,2024-06-21 14:33:26+00:00,100.0,1.9,1.39,2.99,0.09000003,4.972378,3.0,1045.0,0.37116107360839845,False,REGULAR,USD,2026-01-16
8,GOOG260116P00105000,2024-06-21 14:44:19+00:00,105.0,2.15,2.0,2.29,-0.109999895,-4.867252,130.0,2509.0,0.3220892987060546,False,REGULAR,USD,2026-01-16
9,GOOG260116P00110000,2024-06-18 16:55:41+00:00,110.0,2.49,2.35,2.94,0.0,0.0,10.0,625.0,0.3205024005126953,False,REGULAR,USD,2026-01-16
10,GOOG260116P00115000,2024-06-18 18:26:44+00:00,115.0,3.2,2.69,5.5,0.0,0.0,1.0,595.0,0.3633486517333985,False,REGULAR,USD,2026-01-16
11,GOOG260116P00120000,2024-06-21 18:54:25+00:00,120.0,3.45,3.05,4.2,-0.45000005,-11.538463,9.0,464.0,0.3078987667846679,False,REGULAR,USD,2026-01-16
12,GOOG260116P00125000,2024-06-18 18:28:03+00:00,125.0,4.64,2.77,5.0,0.0,0.0,1.0,743.0,0.30261927856445314,False,REGULAR,USD,2026-01-16
13,GOOG260116P00130000,2024-06-21 16:11:53+00:00,130.0,4.9,4.55,7.3,-0.5999999,-10.909089,21.0,609.0,0.3238593005371093,False,REGULAR,USD,2026-01-16
14,GOOG260116P00135000,2024-06-21 17:32:47+00:00,135.0,5.75,5.4,6.8,-0.4499998,-7.2580614,5.0,506.0,0.2901071966552734,False,REGULAR,USD,2026-01-16
15,GOOG260116P00140000,2024-06-21 16:35:04+00:00,140.0,6.7,5.65,9.25,-0.87000036,-11.492739,8.0,937.0,0.30652548950195313,False,REGULAR,USD,2026-01-16
16,GOOG260116P00145000,2024-06-21 19:13:48+00:00,145.0,7.85,6.75,8.5,-0.9500003,-10.795458,5.0,397.0,0.2697521755981446,False,REGULAR,USD,2026-01-16
17,GOOG260116P00150000,2024-06-21 16:04:18+00:00,150.0,9.24,8.3,11.95,-0.6100006,-6.1928997,3.0,1258.0,0.2948373739624023,False,REGULAR,USD,2026-01-16
18,GOOG260116P00155000,2024-06-21 19:27:24+00:00,155.0,10.5,9.75,12.75,-0.77999973,-6.9148912,18.0,682.0,0.2792735647583008,False,REGULAR,USD,2026-01-16
19,GOOG260116P00160000,2024-06-21 13:56:16+00:00,160.0,12.56,12.0,12.75,0.12000084,0.964637,30.0,507.0,0.25276931320190427,False,REGULAR,USD,2026-01-16
20,GOOG260116P00165000,2024-06-21 14:22:16+00:00,165.0,14.05,12.4,14.95,-0.5500002,-3.7671247,37.0,1920.0,0.25321181365966794,False,REGULAR,USD,2026-01-16
21,GOOG260116P00170000,2024-06-21 19:10:24+00:00,170.0,16.47,15.35,17.0,-0.8299999,-4.7976875,19.0,474.0,0.24964129272460936,False,REGULAR,USD,2026-01-16
22,GOOG260116P00175000,2024-06-21 19:08:31+00:00,175.0,17.85,15.5,18.5,-1.0499992,-5.5555515,21.0,379.0,0.23786162536621092,False,REGULAR,USD,2026-01-16
23,GOOG260116P00180000,2024-06-21 18:09:35+00:00,180.0,19.95,18.0,21.0,-1.3499985,-6.3380213,8.0,294.0,0.2356948989868164,False,REGULAR,USD,2026-01-16
24,GOOG260116P00185000,2024-06-21 16:34:45+00:00,185.0,22.0,21.8,23.0,-1.6900005,-7.133814,2.0,74.0,0.22599040618896482,True,REGULAR,USD,2026-01-16
25,GOOG260116P00190000,2024-06-21 19:10:24+00:00,190.0,24.88,24.4,27.25,-1.7900009,-6.7116647,10.0,61.0,0.23931119583129878,True,REGULAR,USD,2026-01-16
26,GOOG260116P00195000,2024-04-26 18:16:19+00:00,195.0,32.8,30.1,31.5,0.0,0.0,24.0,38.0,0.25083146636962883,True,REGULAR,USD,2026-01-16
27,GOOG260116P00200000,2024-06-12 13:34:11+00:00,200.0,29.6,29.4,32.2,0.0,0.0,1.0,46.0,0.22064988342285152,True,REGULAR,USD,2026-01-16
28,GOOG260116P00205000,2024-06-13 19:47:53+00:00,205.0,35.75,32.65,36.5,0.0,0.0,3.0,18.0,0.2293167889404297,True,REGULAR,USD,2026-01-16
29,GOOG260116P00210000,2024-06-03 18:34:32+00:00,210.0,41.91,35.0,39.45,0.0,0.0,1.0,14.0,0.22049729705810545,True,REGULAR,USD,2026-01-16
30,GOOG260116P00220000,2024-06-12 13:41:13+00:00,220.0,43.59,42.0,46.25,0.0,0.0,10.0,20.0,0.2070696969604492,True,REGULAR,USD,2026-01-16
31,GOOG260116P00225000,2024-02-26 20:16:13+00:00,225.0,85.5,70.5,75.5,0.0,0.0,1.0,0.0,0.5039722454833984,True,REGULAR,USD,2026-01-16
32,GOOG260116P00230000,2024-05-16 15:05:03+00:00,230.0,55.81,51.0,54.4,0.0,0.0,,1.0,0.20368227966308594,True,REGULAR,USD,2026-01-16
33,GOOG260116P00240000,2024-06-17 18:19:34+00:00,240.0,61.44,58.0,62.0,-0.060001373,-0.09756321,2.0,2.0,0.1805501867675781,True,REGULAR,USD,2026-01-16
34,GOOG260116P00260000,2024-05-15 13:34:50+00:00,260.0,84.55,81.5,86.5,0.0,0.0,,0.0,0.29633272033691405,True,REGULAR,USD,2026-01-16
